,age,male,Ferretin_mean,census_white,Principal (qualifier value)_count_subject_present,2.6 (qualifier value)_count_subject_not_present,10*12/liter (qualifier value)_count,Radiographic imaging procedure (procedure)_count_subject_present,"(2009, 11)_date_time_stamp",MRSA Screen_num-diagnostic-order,Aspartate Transaminase_std,Outcome of action (attribute)_count_subject_present,Atrial structure (body structure)_count_subject_not_present,Adult (person)_count_relative_not_present,Intermittent (qualifier value)_count_subject_present,Aspirin (substance)_count_relative_not_present,Inflammatory disease of liver (disorder)_count_relative_not_present,Royal College of Physicians national early warning score (assessment scale)_count_subject_present,Coronavirus disease 19 caused by severe acute respiratory syndrome coronavirus 2 (disorder)_count_subject_present,Nursing (qualifier value)_count_relative_not_present,"(2022, 11)_date_time_stamp",Lymphocytes_std,Small (qualifier value)_count,Programme (qualifier value)_count_subject_not_present,Liver structure (body structure)_count_relative_not_present,Chief complaint (finding)_count,Dermatologist (occupation)_count_relative_not_present,Routine (qualifier value)_count_relative_not_present,"(2013, 6)_date_time_stamp","(2006, 11)_date_time_stamp",Asthenia (finding)_count_subject_present,Suggestive of (attribute)_count_subject_not_present,Containing (qualifier value)_count_subject_present,Uncertain (qualifier value)_count,outcome_var_1
0,0.16368514546982338,2.9383924702345565,1.282768179732489,0.7615505535941208,2.336195650829989,-1.2372424203740828,2.1996657900014633,1.50274254949943,2.769762261107789,4.234406264645267,0.7886676960075403,-0.5127481947129948,-0.24452808604338802,1.1620712061239833,-1.4380004258416945,0.32996008638050506,-2.793294430987825,1.787721286010257,2.126583076547641,-0.7355818991508876,-1.4332827845777378,-3.2137211315422918,-2.3091707124267256,1.5969443672294579,-2.2662679213727754,-1.7193342532206144,1.528022261536197,1.8936032529324975,-0.9379690923018869,-2.768567688149238,1.582159766075098,1.6602439194113876,2.3004668069654333,-0.8809103650936938,1
1,-1.0239561584274959,0.7220267601949569,-0.008387665534556749,-2.24287812436315,-1.2433925732645366,1.7464793304183,0.6308267784654038,-0.9047391125952506,0.33603339720407194,-0.20600383542406542,-1.842565360941107,0.9856076552787004,-1.4430240128714218,-1.1998508731897781,0.2228849376328469,-0.21365047524956973,2.9999628026286835,-3.0893534031476775,0.5949065733744495,0.005005298233223376,-0.9825745927222074,1.4538254542294105,0.6069796529594395,0.21953923905011294,-0.30860745293335107,2.2527597150245873,-0.5094654337864035,1.5198824529811248,-1.7556526157474275,0.9900220709363827,-1.836797577029626,-1.7389376319390442,-0.6458175060205291,1.7540373438826926,0
2,0.41635194868923503,3.5159203681226416,2.5290566178771905,-3.1078961324728516,1.1936219372838073,1.9727728390568182,2.280346120079597,-0.3224132922313223,2.561406490298172,1.5611538125292606,-1.3456488334276653,-2.8096926193941334,-1.4024251010988338,-3.9337004072556514,1.3823077284100083,-0.003413986356492648,3.885244449227816,-2.8972841276647334,2.0195619293973572,-0.7407550698706757,1.4027170507410103,0.5132214748614956,-0.5692965711587744,2.641964998508807,-1.4436280163289474,2.780465244084285,-3.060300494050681,3.106679390381274,-2.773017754074956,-1.0800069784570603,-3.306755833320083,1.3651076391316912,3.070080437470506,3.9585244755334794,1
3,1.9563160284406884,-1.1435819903467153,0.8632291246571103,2.9788147064203305,1.987135324924016,-3.775560572517776,-0.03772843678170401,-0.25302518707225335,-1.3650715839653518,0.7792453998471197,4.078274222565904,-2.2959536202245365,3.027264992785517,1.7075602055945625,-0.7482179966670278,0.8340733032191352,-4.208955560183578,4.219373447487125,-2.890344049055996,-2.154623220425309,0.6339893061820182,-1.9084272392073711,1.1014509738582319,-0.5658028314493085,1.5381144862695666,-3.545098272539405,-0.15880855371091995,-0.4368218014635818,2.8348660495750453,-1.294878973877793,1.9454284262736936,4.892822926553475,2.0076614612874244,-3.609870475533485,0
4,-0.832019889359373,-0.18850884709431023,0.46075963461634273,-3.6027200941246753,-2.25704953332894,1.6697274039752839,0.8355596402564894,-3.2725679466548936,-1.4098573315942173,-1.5185042533080444,-1.37712030293633,0.34714244028640706,-0.888262826285895,-2.358439407857183,0.6276047479688135,0.09115192402828384,5.363123696089057,-5.051773820478114,-1.9501051549679114,-1.7706521643646878,-1.1838205340987702,3.418089408777567,3.5793619503094325,-0.4305877722584804,1.5246206374943272,3.4841856328931087,-2.420554508754222,2.9687600203950733,-1.6988622523508767,2.457562849165409,-3.9097742733968115,-0.47487090812136923,-0.5044587163982401,1.8699097339799757,0
5,-0.17405870173173926,0.24852498719164998,-0.32986503880122914,1.2207351981202612,0.566440047224019,-0.9227425245142817,0.18963519605899706,0.9018516161343002,0.5450387494626237,1.3181713497819392,0.5008254623077955,0.8188003839076661,0.13924170481056583,1.6909912812691212,-1.0110546791691148,0.07296183480882457,-2.3082007950500594,1.5591047947477532,0.5818814038079317,0.16214031306200782,-1.042000589536694,-1.5277421623907255,-1.0452108763996935,-0.08250497153176167,-0.6978190993943082,-1.476557023326712,1.720601901599073,-0.2608626695219805,0.32224934241344505,-0.8474476449658213,1.7240326347494102,-0.07587446815242094,-0.11190719436060709,-1.4115353512229754,1
6,1.0017123088535234,0.5810992256245284,0.27124434713540524,1.9771262652940602,1.924541590894679,-0.6438208026705255,-0.49416966876593466,2.2924679749656813,1.3156036430372824,0.7677683507231531,0.785001979343974,-1.4294369282451456,0.5504368692113943,0.34463517215824596,0.34404989971971495,-0.11082526738174873,-2.7287563484115225,3.1324458781698232,1.645548084677066,1.3106163894192329,2.0532537021718524,-2.0205794729368267,-2.6048688650589917,0.8922786005816599,-1.115808786555356,-1.7660486223815695,0.4817938843209639,-1.9910529508407573,0.9179264803176417,-1.8751424636751062,1.8477488244093627,0.8547436915695195,1.1242999873711221,-0.14006660003882654,0
7,1.3192447015388804,1.2979990898262816,0.9734414076091471,2.5538066306970615,2.8792635954323833,-2.08535114336079,0.586449398739986,2.1202586582044454,1.6617881833133887,2.55540417309876,2.073848757848266,-1.8447626767488547,1.16377487889319,1.2540313834704893,-0.6117134003911613,0.3117469957712018,-4.298525657615945,4.137578009641356,1.1635379797679977,-0.05939623985795173,0.9506231996061963,-3.30658826211182,-2.423108139142944,1.107193774549431,-1.2660511069419051,-2.9866968924257677,0.9506243979232276,-0.6774769976376748,1.0653603673080778,-2.8285990202372817,2.5158982194417905,2.7195432871297287,2.3194215314365416,-1.5542798046486586,0
8,-1.1323832974237396,0.28929341695731237,0.4271775952006514,-3.672378358578274,-2.195584364251297,1.7178448230031906,1.1943424788408923,-3.0425039766311506,-0.9213693704869308,-0.8253065657968146,-1.6247763997722597,0.833630498580403,-1.226728309902071,-1.999311276326233,0.24895585330494638,0.07706325920213955,5.105147765823613,-5.135087248140861,-1.4098415506977493,-1.7224074260007671,-1.8518728269174518,3.015151351959584,3.1607054235588317,-0.27947846537885224,1.0253698806419476,3.4123474523000836,-1.8394927136471044,3.3480177504261683,-2.089141582530903,2.2029846960109523,-3.6446068031016075,-0.8442817996032217,-0.5468244581415979,1.7814928439198403,0
9,0.5547809522805462,-0.48516762622628956,0.6066324243403792,-0.5416060454435493,-0.13627788145060582,-0.3263535672642169,0.11079890591868277,-1.2986328724348986,-1.0045397805543361,-0.7661412259677232,0.7288867638277611,-1.1639949742424684,0.6890625274273862,-0.949683433558112,0.46632761205839096,0.2522403263837388,1.1316977968028796,-0.6368798894303943,-1.6502214074692587,-1.1937444178989993,0.533316430785011,0.9686693714440359,1.7041436017442442,-0.1872939258445408,1.1889087874057804,0.4634055634598327,-1.571459265372389,0.7104672135766885,0.3237802399825501,0.5599217208211946,-1.2215487260585924,1.5538833140708919,0.6579696588653253,0.07170585066508985,0
10,1.4178727171171208,-0.8190441926095229,0.6634583643265152,1.9580747892676211,1.3581139658440287,-2.5414709758436844,-0.05260052670443535,-0.2630944878230155,-1.0057766426016113,0.39084630097316087,2.8146365420860464,-1.7562368460869968,2.1183797448979464,0.9725424835475582,-0.38370868578625217,0.5761390062892983,-2.6899164467973553,2.805659874289994,-2.0815662874002823,-1.5210912278153177,0.6205964412936197,-1.1717779742745902,0.8722383815680168,-0.3659683241034396,1.1543155054172345,-2.32078509370743,-0.3413581880507418,-0.29481975898201457,1.9602497011173854,-0.832157816361433,1.1608873603989944,3.4739112748493777,1.4555716013519506,-2.346321809411145,0
11,-0.3148193803789289,0.025255849317345532,0.6866532495392701,-1.969999794979783,-1.0345135677173216,0.03332161099729439,1.1347934747079618,-2.5266054565633396,-1.0643069685895918,-0.10332048229309237,0.08431966751260114,-0.006722137318665893,-0.01880453119611062,-0.9017477784142772,-0.2141949051632559,0.37283721956249855,2.5694604609234255,-2.716904767098978,-2.0280934857884225,-2.225925176590633,-1.5463686958948164,1.622022261448785,2.8628614370797405,-0.36374011137347806,1.2205421085537551,1.4826081579109127,-1.3787588729835338,2.782365793369647,-0.8370702886509211,1.2265111244874762,-2.2063431429942444,1.011867145526104,0.3127637038300449,0.1108210995364796,1
12,-0.1553552986293881,-0.05439526902720934,-0.22541193015428784,0.5449970994875597,0.09534933056985473,-0.5587349305709516,0.10914798504377494,0.17891127545521301,0.019696759697107245,0.5736589048331221,0.3228281057380956,0.5754482125112563,0.13301580006756264,0.9601002258415381,-0.612326614710634,0.07855468132805546,-1.0658239559432954,0.6133936810462811,-0.04116822604525224,-0.1335207567579615,-0.7919138929898908,-0.607703422701895,-0.1675067076168229,-0.22456785189474326,-0.1395769391136128,-0.7136235272343351,0.8786452171142396,0.03169111483441844,0.20351833724154256,-0.22449145002931664,0.7880425338523174,-0.00949620529443554,-0.19159755469438428,-0.905748453425867,0
13,0.22359972732634262,1.9566713576947825,1.5734614714424893,-1.3314051062957546,0.8495775671046333,-0.053396840066474736,1.8832466093766784,-0.709221538411551,1.1252527741807659,1.8349400803492344,0.1932068793601938,-1.2691411766163394,-0.2767740547765293,-1.1429388025452338,-0.1482223666672315,0.3267655973385706,1.0994993291027204,-1.149287362015093,0.22108773452744976,-1.5738095857950825,-0.5725363454214156,-0.3168102068052677,0.3840801575826184,1.1488904168296208,-0.5282938870091305,0.679637873311168,-1.1054221926247394,2.7043968073323983,-1.2899146170773808,-0.8068450022011495,-1.3298966894160116,1.7943908475729424,2.006181049143909,0.7462812185457958,1
14,0.5515668131230747,1.6375926634947742,0.7729847120196949,0.6212815482894257,1.6973949925348997,-0.02438416685926877,0.5338955615985553,1.6871102888160499,1.915127707216328,1.5514975850640467,0.09173382305449534,-1.24416255276646,-0.19216020834413522,-0.3189676168491002,0.19073194713869565,-0.06753598558962098,-1.2829539790988906,1.4752013064220746,2.019650299997309,0.7040696723175102,1.1245803247795547,-1.6731371619009943,-2.2624204242115358,1.3553075174683287,-1.5208309223914251,-0.7007685105052551,0.1374947972391124,-0.27897184239221723,-0.31924792483714337,-1.7976818096587028,0.7693361616835198,0.6879832074858677,1.5016811804400305,0.6649206694166703,1
15,1.9307350222627386,-0.8867725077788763,1.2585860297592322,1.3487759290901564,1.4186548957885867,-2.3225193938675477,-0.03776790252949088,-0.9175802591807822,-1.378824524588006,-0.317120833669656,3.0142992557061774,-3.0109172332186662,2.4070926014360636,-0.3174787972246828,0.3747046163208836,0.6504524083062385,-1.4308854100147541,2.201419072330163,-2.756482947279678,-1.996376778990498,1.6881629064894401,-0.36962810931647466,1.6869671301721252,-0.151836948458586,1.7652907422820472,-1.628918903081265,-1.8772045691212615,0.002705172087975834,1.9864177923034936,-0.5613109175737764,-0.010117458645941236,4.452269467353397,2.145336165709279,-1.5593685071607863,0
16,-0.980435610097734,-2.702282700918873,-2.0496411741019234,0.26819625707660605,-2.315232166478647,0.3789016493602011,-1.8118369718575116,-0.7766654498851394,-2.2491186754781554,-2.5588186089623313,-0.6818735595049873,2.5705266586422724,-0.01588058196058119,1.2740658163366059,-0.19322575106952133,-0.27722367681072024,0.42640882043419487,-0.7390739299565331,-1.4619396039152701,0.8467413878190314,-0.9356462092380047,1.6721013005332805,1.38605113824789,-2.0128760337003606,1.3947686242470703,0.30049092882185374,1.0995969118023066,-1.7180360696979091,0.9083755576237261,2.2135848323179594,0.39307207438524594,-2.640670140634518,-3.1398987364695707,-0.9684693401977854,1
17,0.07963835147877452,0.06680518573389267,0.32166292669917457,-1.1059607457373268,-0.38417148588881,0.9259085462565855,-0.043597903632538994,-0.5690983450053131,-0.15403794114205605,-0.8849327604358382,-0.6040453293246918,-0.6530704976647618,-0.3017585245969187,-1.474623383146889,0.8411493682512703,-0.09904721304370341,1.9595825790878154,-1.361750666526458,-0.11654542141402613,0.004719251265614899,0.8535174002997166,1.1472681703981376,0.5754574712355052,0.24434823539649883,0.314679656543333,1.3103850131696784,-1.3543167361056678,0.2866956286690843,-0.4751827379827468,0.557506250795583,-1.4281835562556504,-0.1012484737721045,0.16222504293155324,1.3797244776560107,0
18,1.7536855659778974,-1.731887721098641,0.7952048192665114,1.2808883984363686,0.7231556281920193,-2.2180029019145535,-0.5416958519495838,-1.3767492772740368,-2.190190303474864,-1.2230488387996175,2.9101670922979985,-2.5177324401218577,2.502862247430549,-0.1970316079147715,0.44867830904370143,0.6069923050994427,-1.0202791935797462,1.8214883221211167,-3.446901828229698,-1.946404942810286,1.5715704572178526,0.325509856262084,2.3863871830021006,-0.738329445978749,2.374114393219233,-1.3985962870585704,-1.9024921987680128,-0.3632356936093549,2.276870025430668,0.18632701023028148,-0.17547093077197976,3.9566526315633053,1.3746838300663846,-1.7435542303515696,0
19,2.127261706233302,-1.687654178818886,1.233135494695986,1.766007673797595,1.243859922340642,-3.3619241238517783,-0.041542717821669496,-1.774630080499404,-2.433583732303588,-0.46808633134371336,4.046952728665245,-2.980881261192319,3.214069061108058,0.3591853910345703,-0.07172143747756754,0.9372622983564832,-2.007387005357262,2.5649121861236215,-4.340066122564296,-3.04245124678121,1.0480885253392127,-0.26466307088665886,2.970708072268326,-0.8276268167370148,2.718806978150306,-2.264990971889471,-1.8663054940854664,0.34635749952969275,2.707662832382125,-0.20750208523387997,0.1617977345161599,5.502193202505726,2.1196536166748703,-2.873529791233866,0
20,0.5137023366155181,-0.11706901744216365,0.5558160938214415,-0.02090112909579023,0.293656448649671,-0.6031453809141482,0.2570030587546253,-0.6620259276609557,-0.4614298270177072,-0.027004375562393313,0.8350808894321408,-0.9496297641767683,0.6365383040583238,-0.3482037715595442,0.1053030362331347,0.24672472922610175,0.10231487659236958,0.11709953127990284,-1.028431707904555,-0.9506861063805294,0.268009765409626,0.1452881024306918,0.9007336738871253,-0.006834379148226019,0.6348803113422105,-0.15355618798896728,-0.8380361286794367,0.554084990055726,0.338798371248778,-0.018702765906727106,-0.4454953236032854,1.4829371008138643,0.7730999617436096,-0.3089446033769808,0
21,-1.0897824070023558,0.6939885298347799,0.2599508596752619,-2.8407801909184305,-1.5557085729518254,1.595887645516552,1.062688005181442,-1.839408647798983,-0.09976074786106766,-0.17312159740924798,-1.656169522290608,0.9510916134398191,-1.3436604687656293,-1.4097403046837556,0.07287155247211576,-0.041964239879879156,3.7415870664802062,-3.9196956566665175,-0.2538914598352479,-0.9037402860244345,-1.5977309861316273,1.949162883233292,1.6940487686943644,0.05122081802826465,0.18270923766670874,2.6376231668173125,-0.9623655442413102,2.5467568661164925,-1.962869120210299,1.3861294576101555,-2.5371968821405346,-1.2042696669870812,-0.4765713622868673,1.6126519200567833,0
22,1.515922645489183,0.34040528450917734,1.0524330040273449,1.604792577513611,1.9992754596007307,-1.584577432034158,0.1227593483498926,0.7922299129256016,0.3725122977654696,0.8069967505404212,1.9797631408281369,-2.4253789201341522,1.4191742033711043,-0.019280965589098115,0.2330230841243155,0.32652778988634296,-2.2309774385644294,2.7360486431426487,-0.28997802579462806,-0.5372609531212273,1.7281919634929233,-1.5405860568629008,-0.682507279287658,0.6612471656235858,0.03449289442337317,-1.7857638507184588,-0.6790975913724792,-0.5719697474381826,1.229199527643504,-1.5815838940023585,0.9349281691437135,2.9846498775543426,2.0705881180495327,-0.8197112583926529,0
23,0.07957703539185478,1.3584030233691111,0.2906696723195694,0.7554143338914959,1.244418250085355,-0.20764668549648405,0.5344117843752667,1.5561988680400505,1.68119636622787,1.7388299768958166,-0.012255393497155365,-0.1616814332964015,-0.3243650815729058,0.5614300786360599,-0.39976080246663714,-0.059440971573485046,-1.6909021242404083,1.378742023779069,1.8608753431449625,0.6493987672857289,0.020432557728165924,-1.7610175260258318,-2.0882187729694692,0.9028057675920022,-1.5099406359475933,-0.931709130674049,1.0317412356127957,-0.15499788651856333,-0.3299326598187323,-1.527664742979162,1.2282852827743183,0.0327203880527636,0.787624721170047,-0.034505362165790296,1
24,-2.0580626810425393,-4.492505234419945,-3.1752171339164343,-0.9803048309407955,-4.758432791497214,0.9769476147471792,-2.3878918252593424,-2.828411069182938,-4.357442455963129,-4.458819615480995,-1.467661429792462,4.637407062956605,-0.3104544596227897,1.5357666470469427,-0.4356558766369047,-0.31753607265709155,2.606890238700335,-3.2644567863931835,-3.4644719575051393,0.2784786731953025,-2.6561268550581953,3.97428517085172,3.9949258831686922,-3.619716547854439,2.970162410468284,1.6937292179357994,1.1150230439344688,-1.1921624033821772,0.7907240736806046,4.628127182889996,-0.7972763131967395,-4.344393332554582,-5.367184347270692,-1.3154872449344654,1
25,-0.8068007363733869,-3.229079579225989,-2.4985841423815227,1.8476478231517133,-1.841128863905451,-0.7880512883283969,-2.186164179144097,-0.07298051485345113,-2.4165158805771405,-2.097161705215838,0.24927070246002708,2.984953818373981,0.6420996090787409,2.8579723315201835,-0.8787970334266864,-0.1801736817690478,-1.9556265391176726,1.214616621156035,-1.626162815214283,1.002015551057079,-1.2845162380249582,0.5010490156405959,0.8147201474845663,-2.434632215082562,1.3510730853461608,-1.3579065864513848,2.3861492092241434,-2.652468862764099,1.904208405636648,1.675374436002613,2.101134813501353,-2.323352014240476,-3.369256318004148,-2.595973464035432,1
26,-0.0008723148394617772,0.48501592397082993,0.40938560468819346,0.7188391870538986,0.647944370969885,-1.8003533665939706,1.1961007304960527,-0.4320228354395142,0.06647962941575768,2.056941475844021,1.4205909424884733,0.37080575229470136,0.6437277555285458,1.6937922417896996,-1.5291288567779728,0.5008046775073202,-2.0008437891002937,0.9846225338952984,-0.8486560047366376,-1.6813896514746394,-2.1273423995894105,-1.407195691502156,0.5258596769264553,-0.18556913734210626,-0.029286827212281638,-1.5220025204587033,1.14966383390292,1.61590420161588,0.20321569739425405,-0.7621202443783669,1.0326693300044578,1.6515175283960688,0.7584172091256247,-2.1860344950410746,1
27,1.8953720932059797,-0.45117743899209095,1.1602281452129457,1.472826561314239,1.711619455974146,-1.7514500827895898,-0.24716354866160117,0.011352594598647556,-0.6073172457827426,-0.2315604767971928,2.43582321374871,-3.059853894384348,1.974064112521796,-0.5545652458949775,0.6801303307584419,0.42479002869470533,-1.5633614548517287,2.4957711312302626,-1.521463391368883,-1.0160753235112556,2.358317728606543,-0.7117941826620279,0.4640130367735484,0.2947765718584655,1.0267671754309973,-1.5393353050000114,-1.664768915398931,-0.6995923285873343,1.7467619484899661,-0.9801874238123527,0.2786977684084225,3.7114335960314238,2.1202376418410593,-0.8363215014781455,0
28,-1.8932121075179298,0.16082476870035584,-1.0997440368684706,-2.0968433460321787,-2.16548591763764,2.151634596992044,0.12385610487363527,-0.6258379723645084,0.1427991759550388,-0.5068454416665885,-2.6638414055621618,2.8596736846027624,-2.016421981314922,-0.14163625969122087,-0.27629034446586775,-0.44342892369001846,2.7349026987800236,-3.3747198386083,1.0166823917347942,0.83517131297259,-2.0718241493272287,1.5788320619664753,0.28091188752057666,-0.41988879044719185,-0.5405726305243578,2.273928639743524,0.8993662310360682,0.8868251356742568,-1.8646625358104352,1.5663125153065725,-1.1346254331000134,-3.7503775241097568,-2.243310540079368,1.3653384071400814,0
29,-0.2855270324873364,-2.9052417346485524,-2.069216492766345,1.6218169436273036,-1.3732713953690063,-0.11985297557699193,-2.4705430784812497,0.4040582900038708,-1.9727541035812384,-2.661568338457541,-0.03288090352602187,1.7008537472211451,0.5694827847215416,1.523622924069089,0.13361196446628262,-0.3391143542850815,-1.1997836273060485,1.246611236165334,-0.9762784714210638,1.6315525231666226,0.512772178545271,0.7550248428113658,0.1986536506416651,-1.7871196090586172,1.1543824426869664,-0.8202391007706393,1.2483166879490972,-3.289100742637271,1.833545139228224,1.3999033370040252,1.4981465314974796,-2.0849047515702637,-2.7238417666250143,-1.2478699423284167,1
30,-0.12770548516869965,0.6626539397234418,1.348170417864129,-1.0953238067621873,-0.08255251416559073,-2.151297818450454,2.5707791952051697,-3.0270302172381967,-0.9538046520898087,2.3146771407431674,1.9108484549618914,0.05168309124920941,0.8624833569772292,0.8876448626647776,-1.8803742462219453,0.9911967802768381,0.22171025851483528,-1.4302778115009158,-3.0770034104681567,-4.285238049931252,-3.7473323622399857,-0.06606152541306233,3.4848327986432874,-0.4636581931530143,1.2276732885513,-0.33904318056451677,-0.2915154596002236,4.684584710915942,-0.5295202536196743,0.21177503340319342,-1.0820508373849431,3.308307031162975,1.486424847135968,-2.372770225020076,1
31,-1.1087244416140594,0.32251219796759034,-0.11135503831036345,-2.636730011102573,-1.7283393609872344,1.9697143885765627,0.4643957672843639,-1.437115341791344,-0.1762537052837574,-0.8286443829640993,-1.9900483694023592,1.0813555134961903,-1.4451476610550646,-1.5011433105316117,0.40918962475840037,-0.22238079408824607,3.7729802480569403,-3.7377038155055766,0.06802538938996923,-0.15014685388717008,-0.9817340225600195,2.1384238645540505,1.2867680386435338,-0.045763712983190034,0.1507730369498635,2.7268205402315275,-0.9021821231503185,1.6114826035148366,-1.7620315988465798,1.55323043158089,-2.3659976871316037,-1.8996486173445635,-0.953354860018601,1.9358914357362536,0
32,0.6249527818530037,2.201323896075727,1.3346667499009215,0.037842481924468076,1.865118993008001,-0.06092894680932234,1.198297533891436,1.2011625810002002,2.11311801591151,2.057065435701885,0.2010374926886483,-1.689960417671632,-0.23644800865262788,-0.781828229198113,0.15130614885335772,0.07544614828438104,-0.6923529863745478,0.8829764738823515,1.8315533180310344,-0.015324675340545046,0.8548802523495057,-1.5900355719645691,-1.8246617984788351,1.6606666624190458,-1.5168231837196897,-0.35801319327966885,-0.3879649701054999,0.7965604505078885,-0.7539020120039611,-1.9140393606876211,0.13051594910840061,1.3980176361164003,2.1676602382170063,0.8958619745699153,1
33,0.2489500600189331,-1.4276851260740948,-1.1772037693902806,2.2073183056246104,0.20663276860320545,-0.7081804403412841,-1.6031617492460637,1.440178067305278,-0.4955946893795908,-0.8436047880131173,0.5623136846410018,0.5848863567361664,0.6857706222221818,1.5769096195545182,-0.09368021142998688,-0.2011937081869178,-2.6195171422743297,2.596370613196258,0.1957669710210304,1.489300531435651,0.8644359797092516,-0.8872619355450257,-1.2332204083063212,-0.7218895469682153,0.057142521443567226,-1.7385275488770777,1.429160877134015,-2.845025983265146,1.6290228620714495,-0.23329607352099285,2.1991439061757934,-0.7611349608965361,-1.1150308917682121,-1.301042865598301,1
34,0.9259743017146482,0.3639733943227187,0.820323715540348,1.312326545132873,1.4783733620124553,-1.8446523227860956,0.6191233540060973,0.20517103442870105,0.16987784705151032,1.4023611835715397,1.9114782392945675,-1.2916060584614575,1.2058078823600729,0.7987232096146258,-0.58410099837756,0.44607459157132157,-2.276854817373192,2.105901546730084,-0.6866949912064384,-1.1720825930247087,0.025408032807541524,-1.5468383511775896,-0.06301969909144504,0.2620977125117123,0.08530155988955637,-1.8026196353649986,0.10336953009051753,0.42447170312996657,0.8820029003459839,-1.2638523410634654,1.030770267684313,2.6270755682144977,1.5892407077446085,-1.5780916484938654,0
35,-1.2407958292779642,-2.286066503071382,-1.8842476383049482,-0.09403084591823895,-2.383919092439097,0.2590306268761072,-1.2191751975780758,-1.1194046129326667,-2.0726240521484787,-1.8803201393978701,-0.7101442019936598,2.915085627665453,-0.20283800964628343,1.4892263191810735,-0.631362218775283,-0.17020308096801764,0.5511725292164441,-1.2171888472796064,-1.5192430291648704,0.305123170378944,-1.8729766606070017,1.5522026690059252,1.6599302181441558,-1.9671688183574316,1.2534123651356996,0.39450001067224894,1.3365526433762331,-0.7645584632561527,0.48131528477883345,2.173325137412519,0.24859806387227776,-2.536892926967458,-3.0083337335327758,-1.1877772081668276,1
36,1.3073136108965315,3.779496901392423,2.0551157789425067,0.020862023652482412,3.320758565521333,1.3001473982615905,1.0160447942981103,3.27987290720902,4.225684508824271,2.2682060701176647,-0.7423258613155612,-3.574213105745837,-0.9278183407149692,-2.6410885042476933,1.5951731931224877,-0.3490527402896457,-0.3817026137497339,1.6239404400761712,4.6594611736470535,1.8811699313346835,3.7913487976169353,-2.3122067354810687,-4.618482797444555,3.408312637153873,-3.152977902457697,0.14394004000993013,-1.351032987057183,-0.5175729390252697,-1.3510371314676382,-3.3558355005776455,-0.020447032905871965,1.136319663660722,3.471257725883325,3.431253439000134,1
37,0.19891204096129178,1.7944145943358762,1.496306137040988,-1.3803377684918805,0.7067584135910586,0.006457185916779034,1.7752249898888335,-0.8084052775625193,0.966095940464175,1.6175798262823908,0.1491418748993583,-1.2101408786637997,-0.26808970385897024,-1.1837868090371209,-0.09161445739853077,0.3120884567172432,1.2508921502078416,-1.2638082341341634,0.09168554471635561,-1.551248874058262,-0.5401139216573325,-0.1401329111518434,0.5290235375064145,1.0493409619926315,-0.4011516133378083,0.772810690881965,-1.168103060609009,2.626838684820976,-1.2465658756048734,-0.6455287495127224,-1.4137756183371835,1.694277358987087,1.8662813696024623,0.7726509771440584,1
38,0.20998162682547078,0.46122681564272694,1.306098295071102,-2.1272614177548914,-0.45209266029848816,0.13780601088958358,1.2853376194695514,-2.412309302930257,-0.7300289188269784,-0.0964679219955632,0.2763314000063729,-1.225151662909948,0.13964400713051162,-1.8175742668545023,0.3397239929344372,0.4023879945254874,2.9360644266555376,-2.5920935685694473,-1.8581691391393924,-2.3091866239020877,-0.47520958561790533,1.6059707564218835,2.683304416162265,0.18464434096049118,1.1599745318720016,1.6737623146175682,-2.327552685636078,2.844786769828054,-0.8776395908603403,0.8349594843155499,-2.6940016762504597,1.8868599956398124,1.228748553369207,0.7960549042369882,0
39,0.16668963969159167,0.03118438444251741,0.7706247979944247,-1.7023340282125459,-0.5878940334818519,0.5689573199155258,0.49620682192638027,-1.699956121190185,-0.7080020111527735,-0.8076722609888292,-0.14933305941805322,-0.9696499062766497,-0.008895036671663834,-1.7644925378971463,0.6956102217108867,0.15438487039653673,2.697208628505683,-2.1411557904709464,-1.2684241618317593,-1.2145651856711428,0.281628385927919,1.651614596855247,1.9253032936070602,0.08325913520054855,0.9802510295919994,1.6253379234329675,-2.036549833124874,1.515970707252897,-0.5891187583106163,0.9227294452389249,-2.244359782388093,0.9054192744238178,0.5867991146701939,1.1183443005223679,0
40,-0.49647939768590393,-2.9401743882527422,-2.0190898613902517,0.8901475939234798,-1.8600947226792583,0.2572221128559443,-2.3165030015520807,-0.22251027850894486,-2.233751559340226,-2.9661471728627204,-0.3700747908822542,1.8511112230508089,0.34444333644297115,1.0793583287608197,0.24512462520696496,-0.33645687996413903,-0.11882196149649119,0.20660398885987213,-1.3093665590173436,1.3313088807035727,0.23568203099106202,1.4413063708225242,0.8728316327113383,-1.8816292056936268,1.423944885158071,-0.10304881323760255,0.823649714708381,-2.7171488635568615,1.464385213501839,1.9066828590729294,0.7368889179006071,-2.289044554860372,-2.8885045820949813,-0.8574249715277213,1
41,-0.9051665897983807,-4.558613140035696,-2.939834313491151,0.23107194261209635,-3.4786568632044372,1.1895998038491962,-3.5049857457652753,-1.123786583049037,-3.7480163994385505,-5.308637482107247,-1.1700169280523147,2.6710806187715828,0.18939864234543186,0.5652099033716631,0.9048863185310138,-0.5766237622414973,1.685534799321568,-1.2094343926652527,-2.339000431406824,1.851307840714604,0.5877035563185209,3.3747269147822436,2.170709315472709,-2.8704264547596248,2.5771895576857506,1.0899747137313949,0.2547513248911085,-3.6315715719093418,1.730860872256332,3.6521359132436952,-0.1906014554221924,-3.7962870412506544,-4.546670019605285,-0.30051136944824647,1
42,0.6713405665683703,1.356550818853385,1.1703563452100791,0.4503155478249978,1.5533222712669001,-1.0784308975194707,1.1896523493048454,0.3386720620393752,1.0381490431874147,1.9453839070043186,1.1334583333556434,-1.3502951442055346,0.48189338775197776,0.09042446272925773,-0.4280947641353376,0.34646053123980874,-1.3171257611515246,1.169261178194687,0.28110790332773317,-1.0187528042170784,-0.06023167715785018,-1.4894760700040668,-0.5442463944713678,0.8884959514643402,-0.6020071479092923,-1.0004673704156446,-0.1393859536266404,1.159715587512016,-0.08220194540269798,-1.4834549254824116,0.4002475330308419,2.1901294181119213,1.9291759790710903,-0.5273742739403852,1
43,1.4293785842272408,0.5667573983572982,0.9647721113394455,1.737142386571762,2.1348706378657445,-1.443843215522377,0.10507094684214063,1.223764284463922,0.7479385995673354,1.0319662355458794,1.766382170058952,-2.2700354610933946,1.220157684189493,0.10440559827705687,0.19550805975262797,0.24719374735455454,-2.5005767518091,2.9431563543675003,0.26931376980754185,-0.1602572261245815,1.7615764659037518,-1.8337857774306208,-1.2549215351534615,0.8176249996807275,-0.35193380938142366,-1.880611375025348,-0.35848791619231646,-0.7958536544306088,1.114073950724563,-1.817464655529607,1.2229385544029752,2.6274658957460852,2.0136670214844963,-0.7006112813911514,0
44,-0.9437988540324348,-0.09288076312171957,-0.06948102790592992,-1.5952113870328375,-1.401742691063514,0.16517702707823764,0.9103064257907387,-1.9586476572725031,-0.8370999484388663,0.16868146174478266,-0.43600980188014143,1.3998088086164358,-0.4677367849604409,0.15862179301056903,-0.7740874700351191,0.21259062638829038,1.8068228655308265,-2.5001474722959016,-1.3380328626572373,-1.523444067549283,-2.468515669943164,1.2123892916611945,2.1497961716623712,-0.6678424453855564,0.7048974047807711,1.1557011979730585,0.014698272743938867,2.30426371918064,-0.94350103557852,1.262600488604222,-1.2883724844033084,-0.4084641892585077,-0.6885602058741775,-0.3513148985718702,0
45,-0.2308876978408431,0.22776050715484267,0.3710220675103871,-1.2162821493937714,-0.5362902613535243,0.3579073799373492,0.5933260526055627,-1.1319131982575001,-0.28687452483276976,-0.06452721734401437,-0.28340181870429376,-0.015980342694602787,-0.2564495822902343,-0.7248349076843974,0.04478328153197072,0.11042876902596632,1.621106946802126,-1.6184882220959458,-0.641777539907248,-0.8815087564325927,-0.6183671434172548,0.8946330692161915,1.1929523798750803,-0.005136187461889053,0.3992374504418293,1.0308668419381188,-0.7835252125157468,1.3882325665455209,-0.6691319818249983,0.5926530991975391,-1.282418070785162,0.21172296395143467,0.15607829662254372,0.48551492312722494,0
46,-0.17237211386788193,-0.2916827874854305,-0.4609741200582123,0.3252345500737996,-0.17596285902130293,0.19170242334944163,-0.4498821557409214,0.4446839130368853,0.005117464960037604,-0.29719953057982706,-0.2879938752534526,0.4890764274617455,-0.1436057736414807,0.33207671367372077,0.009961234979421946,-0.14789348623765383,-0.33730541922232854,0.29201329751131205,0.37497618441923564,0.6617154951784303,0.1029532342857125,-0.0692642413795471,-0.4791722053630989,-0.1683011118629004,-0.1631457080418099,-0.13799267259230358,0.4971253436454829,-0.7598456572621897,0.155512746128743,0.07820562716365047,0.46144399578833784,-0.792523851369259,-0.5785655466539475,-0.02987828629403408,1
47,0.49766635555700023,1.8104787623744836,1.2583893901895948,0.15745932664852902,1.5908936270240566,-0.7941471538984559,1.456256041122541,0.4741791204082034,1.4693970358025767,2.3022579576937385,0.7875156525568578,-1.2194285496947175,0.13735565727324836,-0.039445346636940486,-0.47365812698151105,0.30057359613509943,-1.08010174212597,0.8482212104902588,0.7802601327411309,-0.915800778436904,-0.25662485645737265,-1.585183872994899,-0.8517568899707979,1.1371311949035365,-0.9816829175171571,-0.7554934798271932,-0.041595434905228545,1.4686201170624096,-0.5066018513805834,-1.6269011040982524,0.2824946030420356,1.9029977316582407,2.007371531191536,-0.19190365409547974,1
48,2.6092475600145892,-2.30844131787643,0.9462722228755787,2.8647904114859877,1.6571540655439896,-3.6654973889880136,-0.9034952668893805,-0.9754090570476078,-2.606631996518519,-1.0785962176795958,4.480517269209052,-3.4419877441495985,3.7240726743027426,0.60242974369162,0.280569252935104,0.8408493299344533,-3.1296897144142615,4.027775198199686,-4.229569399645517,-2.273542079715382,2.265527702984942,-0.65224089216163,2.2803397012044226,-0.9355865810228138,2.8103373524106305,-3.0546392655725003,-1.754242178612389,-1.2409339539295714,3.6293893976455553,-0.49083205375992967,1.0046076402359898,5.6251033773694035,2.027401793760498,-3.1406032641893575,0
49,-0.8709609220720876,-0.027765503453521207,0.5797834823851813,-3.1399480172721392,-1.9675590504900051,0.6904753400046755,1.3942267725080641,-3.469666012773791,-1.4304677800083492,-0.4750754076773383,-0.6276583092246723,0.6708411044918025,-0.5386334554742825,-1.3358765232855385,-0.22689636001469307,0.3455054261282769,4.198510643768774,-4.464382523013486,-2.415147212002462,-2.600903999054875,-2.3686717950092215,2.6587615524164767,3.8415250214387373,-0.606178312205165,1.5247606517895942,2.612730786657831,-1.688902915245118,3.7177651569216392,-1.5313557518250116,2.0917437740579676,-3.2554967323219675,0.29048919150299457,-0.22868856459762957,0.6152824145957603,0
50,0.924006098920217,1.450780092949353,0.8434767918560045,0.6782349748093357,1.8582886129852951,0.36482245660672297,0.024936850206981536,1.9999688609986834,1.9023493680613743,0.7887589323399001,-0.026778043459686977,-1.9960642532796138,-0.10172395644248143,-1.0746778621618418,0.9229210471967089,-0.19921570332887945,-0.902717254722267,1.670426209315984,2.2283230946776995,1.2651260556917339,2.4658826064868826,-1.3718322143432997,-2.5641394660042094,1.5571816099370437,-1.4314275000236492,-0.449250256473409,-0.5694002879737623,-1.1103572498785985,-0.08548932683980848,-1.793347774942688,0.5042897511210478,0.7157580071719346,1.652063350340355,1.4006830661800715,0
51,0.12964052630715892,1.6868844619369834,0.6513273350905001,-0.4477659977899766,0.9598157592278891,0.9873169390630836,0.5135948984489854,1.2526935671558028,1.858133209451741,0.9401122888093739,-0.8780846418612273,-0.8731909760160561,-0.8389778810562243,-1.1103815639997447,0.5675719726252452,-0.2330843075084481,0.3910335998795584,-0.03986793029560423,2.210147729697716,0.9374691635105863,1.0795059802118199,-0.686660758521611,-1.9057453613925468,1.3676828124179328,-1.4846407214794954,0.5286864656704245,-0.335726350244996,0.04458389813697938,-1.004578086095008,-1.116427353300786,-0.23341432656827102,-0.30628093449905075,1.0129794255020519,1.7126360004028958,0
52,-0.4652233942479955,0.2586434294388824,-0.28808019859911854,0.21541660418797653,-0.069526907687673,-0.25041428456204773,0.3253866408171013,0.2143704825628011,0.3154354711955215,0.8453322856133965,-0.10345020413206422,0.9963404565306114,-0.2611795836848962,0.9809951598183821,-0.7523965645437652,0.022258491526396758,-0.781532704975939,0.15292891796416336,0.3608355242612705,-0.028976919687624947,-1.2307485312824518,-0.5978883389249526,-0.34485257800562846,-0.12832732844177588,-0.45074954228877595,-0.4279324666774778,1.130209229791236,0.3497807074974518,-0.22924393005818733,-0.1999902178761778,0.6928150875641234,-0.529083349503957,-0.36191283660686896,-0.6792012838298737,0
53,-0.562683032652791,2.5185781239823495,0.8564730767946779,0.06211257773248003,1.257527012347171,-1.1458566858095263,2.430041499574318,0.46060487321152277,2.068367975630873,4.093052835812437,0.4372922401693243,0.809682578957262,-0.5384504522286376,1.6574501786948275,-2.014762925344916,0.39431950481381967,-2.00137542311158,0.4660474268931756,1.315936503492406,-1.3548463486464142,-3.070506286269269,-2.477882438944474,-1.1050087255752048,0.9183708670130967,-1.7965759019821042,-1.1915693471400013,1.9594985843210018,2.8317965540083576,-1.3113190112602822,-1.8347182791119658,1.1599496902471984,0.9147698579321732,1.3771656266503924,-1.3539047143502152,1
54,-0.2732870365847859,0.7122597956023825,0.06846768498143604,0.16427323620489861,0.33517733055422894,-0.2763700991574238,0.5994482799372234,0.3701572273714548,0.7038945968079815,1.225325386825928,-0.0053376729168990575,0.5023642002298566,-0.2591643880279703,0.6989080975529859,-0.6615515446052823,0.05816040237343494,-0.8128655703416983,0.2818462184668826,0.633678834454076,-0.12851540946852857,-0.970365315348964,-0.856272356939153,-0.6064610145829119,0.23452743306470789,-0.6866345744938283,-0.45012270448753056,0.8861107142143013,0.5856353996224033,-0.375610139246251,-0.5761432954548065,0.597965923449576,-0.08391647889337657,0.18511040008698743,-0.44718884742356707,1
55,0.9342935465170681,2.706119788144481,2.2667104892804635,-1.474711692024471,1.7574627707395485,0.6417978766946005,1.7459327603679031,0.13165101954449607,2.0316009685971017,1.6022894231943807,-0.05604354378058602,-3.0001219554521628,-0.3792715612097042,-2.701376349851081,0.9923766185069023,0.15709147790776182,1.672020218126535,-0.8177930785853218,1.3299588925325043,-0.8127826135651772,1.6184890310295068,-0.40615694847228634,-0.731076793272732,2.173120854730133,-1.0598146636422854,1.1216023774036217,-2.369658485355395,2.039835919032996,-1.4538996399876458,-1.516000570143872,-1.8668284523878382,2.303299365661031,3.1108587547250575,2.3596183634438694,1
56,0.5136019324920512,0.6894521237273159,1.4276129802518955,-2.0780062582780165,-0.0823265243764133,0.7122560739634498,0.9117690264004537,-1.7060766556026306,-0.24228636177055313,-0.4950948163287944,-0.08078822474501614,-1.9465013068123633,-0.020453314988709337,-2.5952437285972776,1.0549568141294692,0.20734715719953853,3.188556590576846,-2.3149700911422517,-1.0222505019733439,-1.46576698252871,0.896638685255772,1.6033074006917167,1.8069684787322953,0.6660887197250731,0.7943473533100514,1.9282990631928316,-2.8336120072584143,2.002453978736345,-0.8942686398004411,0.5323436112484617,-2.81121372161482,1.675245004300171,1.4959659969359291,1.7812337144626995,1
57,0.15469271894019876,0.49606145050819783,0.680064973083796,-0.7710585321994301,0.10299108517568278,-0.010592475688459843,0.6884334093824199,-0.7488165703587979,0.025672381022815164,0.32180179771179535,0.16755936795712684,-0.6616583583517887,0.031341302773597014,-0.7241039603331498,0.09062302046883666,0.17578345375196133,0.9378878999576473,-0.8236635736381064,-0.4612428558084927,-0.9168794650717438,-0.1458546244798873,0.3336720489581654,0.7643654617530472,0.2906553697833192,0.21630522750703177,0.5298665186606653,-0.8729342285511027,1.2316560510158763,-0.43394316543912015,0.025178038604390867,-0.9523241705071457,0.9352851678731137,0.7735716662679841,0.3490276603281322,0
58,1.8343962848571336,-2.3351108811223233,0.6250278746516199,1.2520083447288917,0.3824210006924046,-2.1686565938141733,-0.9415883059703835,-1.7092099704083366,-2.791762044953562,-1.9927591433694343,2.973412382131605,-2.5771203124043365,2.7074868767587996,-0.37655487294313306,0.7007919096102054,0.5926111032286999,-0.6501224618306775,1.6581319603304434,-4.022424951837949,-1.950192733731243,1.8906249529725778,0.8653207777866522,2.9182436541570915,-1.0583437186850424,2.8998970807550886,-1.2215695898003682,-2.2541665545513982,-0.703835236789487,2.5854048123153595,0.6537553912010816,-0.42769638704137386,3.931364948367666,1.072722606304919,-1.733075415030164,0
59,0.4168769614011732,2.305927547068469,1.5380276744208194,-0.11515075704077289,1.736851344292579,-0.869026517406812,1.9738855339847823,0.32793726310102883,1.777955332155829,2.9221062557551973,0.8018089284845185,-1.2326037587530247,0.006338578567921309,-0.048412758754916345,-0.7076611478259232,0.384299622398068,-0.9948927983062157,0.5839038704896934,0.8861829454086155,-1.3076835410962566,-0.7351623449479412,-1.7795396292967964,-0.8047199089129292,1.347008141428282,-1.1929063755206184,-0.6898199110034196,-0.01123507783066835,2.2032659396861187,-0.8654724107174884,-1.8311831280458264,0.1318934150137071,2.1713969014601884,2.3540931190073673,-0.2040215071290556,1
60,-0.10415423254922267,1.329553266809479,1.785557885023873,-3.494148213910561,-0.7115043899407414,0.9538429598755492,2.0337641523358965,-2.9623601347933453,-0.24755373012535756,0.22795795215522835,-0.4919394028641004,-1.307872653779028,-0.557686137441805,-2.8172680428953143,0.5226801169178903,0.3832371932714321,4.641253821315946,-4.249124102155247,-1.4932812136176747,-2.6769513833195373,-0.8368981169748287,2.1982922775623024,3.007565621408709,0.6607373015527941,0.881707659872584,2.9048714753329423,-3.005300588529538,4.169000621694543,-1.9888686120731223,1.0255852260374867,-3.9398795266559414,1.6685179248697783,1.5737798417863458,1.9162430760371485,1
61,0.5957075081784757,0.2592522441741432,1.4687028953147405,-1.7913976272506142,-0.15982287978228493,-0.17361794479827386,1.1169814733004253,-2.383021644278097,-0.9213699261625925,-0.29484687399145304,0.7374721823300129,-1.820008766760305,0.5484989187536011,-1.9381981955554952,0.5342326206172917,0.46409833173540155,2.6354385557181406,-2.06348130529415,-2.1789537397447334,-2.41511878606845,0.10007894452268214,1.5262749329055807,2.769209950811693,0.19501958114345616,1.4113916160731015,1.3751672710141234,-2.6708351187075063,2.5425671913234487,-0.4617410083838386,0.6994794059465551,-2.62072436871366,2.5408220618740827,1.5593962261475853,0.6515167909903297,0
62,0.2500641101571671,0.23219700125847623,1.0593898299197453,-1.339146930867496,-0.22693102541262844,-0.44680043516514706,1.1312315765295224,-2.0427719556737984,-0.7760626376786253,0.2060646480680176,0.7132210445742809,-0.930159519208477,0.4308229844269484,-0.9585805458121799,-0.06068664593096133,0.44943072524904004,1.7057492706223447,-1.6271000312916988,-1.8939043649498244,-2.227347932418386,-0.7539124274031909,0.979421787556693,2.3635146290319415,-0.029073635351148656,1.0907797031650246,0.8296718498285228,-1.5950608672765578,2.416690226553672,-0.41728793461336045,0.5523487177202203,-1.7973639060347961,1.9836309585121512,1.0818744494821946,-0.05145123779698629,0
63,-0.8870507361218993,0.2961290523619743,0.3739351816196577,-2.45610039123013,-1.4849835949843893,0.6697240299995161,1.235156319068506,-2.410811603479302,-0.7215191078650559,0.025606352281619314,-0.7514227991776338,0.8628376013822862,-0.7012255385670976,-0.8312000053796615,-0.3626821433763336,0.21629464929889208,3.087444067795505,-3.4837877060645877,-1.3611307638504522,-1.8088863081830975,-2.1580302165271505,1.7900397217533341,2.5449495017909083,-0.3403291080757003,0.7773949185426562,2.0059045449841637,-0.8955472272919648,2.9712950615992675,-1.4541671851468936,1.4387641143718908,-2.308482713688817,-0.1782854563227881,-0.2679090339543595,0.526812709311895,0
64,0.5597881339493797,1.7009497206006803,1.659785332380502,-1.2791217644944521,0.9433682516850815,0.1176636492757272,1.5009381066654213,-0.6390264335956308,0.9445654977247891,1.189915152928097,0.2517654926908186,-1.9068278042820452,-0.08395411533189019,-1.7063077674724574,0.39181532818785975,0.27094058404126475,1.4006099768766842,-1.0042721233046874,0.11624561400096768,-1.3258736309036274,0.4142901736838132,-0.015600162670300174,0.3911494535785855,1.220375363192857,-0.28910285354891224,0.8354841809403957,-1.7375394083146434,2.149243578930735,-1.0184044018689706,-0.7308986257140244,-1.5890191011449204,2.0147836611039396,2.1552337839583466,1.1761717019056936,1
65,-1.3331321697786933,-0.0011688964592336706,0.8017487212964612,-5.206306058668818,-3.172507502926025,1.9854177278775769,1.7079256290890246,-4.963778850193486,-1.9513159499763988,-1.4690228692465124,-1.7162490598988693,0.7687737401109116,-1.2388841432505493,-2.9317306997890253,0.3810543092316005,0.28001935047512366,7.371783826885505,-7.302759178871663,-3.015450052578738,-3.1342027967503925,-2.592233549161877,4.590270392623822,5.396527548317516,-0.6556390260672322,2.131346580964374,4.7513207260768935,-3.1209643418832456,5.033456174151757,-2.598242805361795,3.383679633722574,-5.477485286646739,-0.3310159810022637,-0.5438628502330154,2.132821526217604,0
66,-0.34666323020976664,-1.9891778725636675,-1.7126852534110746,2.1753220999745633,-0.5790273486541195,-1.1245843418355408,-1.485144295718672,0.7251782713587953,-1.2002417184411713,-0.7290720305802108,0.6425541861058767,1.9515260442411508,0.6882211939687759,2.6710994459720703,-0.927589862952921,-0.08640507024932229,-2.8439844529356653,2.144115048701188,-0.6455328158880385,0.9114276820923398,-0.8350643965314842,-0.6951819836929057,-0.31583489838503037,-1.5043955460650869,0.47506368535422117,-1.9229939581280648,2.3314758417872508,-2.2684614595951516,1.6648305259541865,0.39467981460985474,2.4755014374713857,-1.2532763848087296,-2.0095499524185345,-2.4143591488798304,1
67,0.7352560646985747,1.827436268658698,1.6944482840807267,-0.33894123646849494,1.562616344744177,-0.8213205953479474,1.7010982159506873,-0.20023369136762467,1.1615032791226556,2.0922535528845287,1.0201252928244777,-1.8629462849990173,0.33958288419413735,-0.695031122602809,-0.2209432321996208,0.42512988327413975,-0.276281689930053,0.292086630025647,0.12275390806048851,-1.5674004779383979,-0.04260412150756979,-1.0910133570333564,-0.048027553588154255,1.2003913004873177,-0.523425691772195,-0.3398111984830161,-0.9262670262008422,2.0899149351510915,-0.5783713813873501,-1.4098755228821795,-0.5134725439785283,2.6821652963878893,2.4818903876698393,0.0641541598196303,1
68,-0.37663910051469784,-1.5292523128491753,-1.2948122793194208,1.0734054534624202,-0.7862813483631217,-0.3038137191423641,-1.194416317194746,0.28869727428689224,-0.9983610729353398,-1.0179710103534054,0.030706401772326367,1.45774965282491,0.2545957040811351,1.4334145645645577,-0.3668507658064248,-0.15025185642106564,-1.1687900515219332,0.8426631417690968,-0.4685762806136178,0.8052421779346662,-0.4106542953931433,0.07926005370300049,0.008688269308097874,-1.105024081229628,0.46761949706931566,-0.762787625531966,1.302571997945923,-1.6199931789987405,0.9657255349904893,0.673220323654541,1.2375141329716095,-1.327148866092415,-1.6846961372670324,-1.1749524820513593,1
69,0.4789335855916059,0.7122143469062985,0.8620394076965817,-0.2544403248099511,0.6937472163987448,-0.29855441846464004,0.6696361301610709,-0.22550037627581465,0.3713920842228724,0.6427737986382169,0.5071392967600528,-1.1595518625036587,0.25150466151160006,-0.6422893629059017,0.14089384760379256,0.1937866541952576,0.1791814431908783,0.030934016322271714,-0.13347682528391733,-0.7489211867921464,0.3498466502037547,-0.25111760083383755,0.17278603850935564,0.5571715189729693,-0.04143867850000168,0.010348542588643109,-0.815746566213455,0.8729890282840141,-0.1846844199330817,-0.5290831185941568,-0.5001565187227269,1.4061982650898273,1.2290253593224103,0.23464331798585888,1
70,-0.8941331085094898,-1.778767473187642,-1.5502162172480012,0.5847372150823927,-1.516843310925474,-0.3466393515582575,-0.9281185969696685,-0.5120706245007122,-1.49305654287875,-0.978198304372424,-0.13130766776646857,2.4071084695665976,0.08116697133537407,1.8656456955795353,-0.8719985389607411,-0.06729912903931118,-0.6869155785507172,-0.07858665625286146,-1.115022953412017,0.2249298623311664,-1.7238753940925395,0.5323925744867903,0.9305726318621409,-1.5908222290864578,0.8075044402250118,-0.4559124600727507,1.6521256643045672,-0.7995894802695613,0.6905781779406969,1.2965035619534744,0.9621449106703386,-1.7294890898673556,-2.2721805824671364,-1.6331448789822687,1
71,1.0365935664645045,-2.4133320531365916,0.7918341757321637,-1.271328091302086,-1.3172521958309193,-0.9724183819724854,-0.293812274591715,-3.9392217162545933,-3.690488174722946,-2.8657958668256938,1.8575024125991013,-1.9109656320811002,1.9258488605627817,-1.7382478732901105,0.921445869450155,0.6354761218288467,2.9746024042241697,-1.9509585889812664,-5.227966537034358,-3.122109319439013,0.6450813432845359,3.1536035136573206,5.312667707278032,-1.4265137539829527,3.814318493824671,1.1798116105205736,-3.5675920605586433,1.4546437542801038,1.2717168838523596,2.3895778541699544,-2.9876655372866963,3.251271766829335,0.4891377567918724,-0.5627027546634582,0
72,0.14367704027177922,0.2777376030673533,0.01586031795594634,-0.09905017415186529,0.2209869140047862,0.7972477148255026,-0.38679081902035295,0.7487121830498237,0.5710752565388519,-0.4286332052193367,-0.6256914312401498,-0.48291397757640614,-0.36334640995651885,-0.7967500475191839,0.7145452749771148,-0.25258284169741485,0.4456855076422297,0.04170678455946533,1.0363104094832714,1.0077136632000545,1.2588985523333163,0.08572392318182358,-0.9742079198493381,0.4845379300201051,-0.481146757098617,0.4371848522511933,-0.39838879325203314,-0.8439027184286496,-0.18556166760001092,-0.21645907046769836,-0.1682594918818774,-0.592377222595907,0.07498536686468703,1.1521922289303794,1
73,-0.8185145949930196,1.0390496716208752,0.28645446088092785,-1.8150761030264457,-0.701543258273688,1.060040687345306,1.035016068376915,-0.8014504272354187,0.5594302161389896,0.6054373441190606,-1.2185632660636865,0.7319980688271877,-1.1260646810424122,-0.7413157710067128,-0.1772882489598344,-0.040940210467111486,2.0801378278217433,-2.393293323971728,0.49412959057267225,-0.4755362239867218,-1.3189189865569206,0.7431411716623981,0.49251060477687236,0.3521291432463028,-0.4446872080293608,1.5674907185156985,-0.23726617773414038,1.9028146437889453,-1.5967415759535872,0.45018051833053335,-1.3756082283964464,-0.8917310204985538,-0.08123601897346847,1.0957973021580192,0
74,0.25889593377316117,1.1120429774961473,0.34724701037984373,1.319363573563337,1.4695842348181685,-1.0946376448503883,0.6773905503246949,1.3410016039582104,1.3340482326239385,2.1216158760356096,0.8038961195549305,-0.17965589772056245,0.22306624603563763,1.271307795511917,-0.870851461829058,0.14876120885469155,-2.656546351598342,2.0839631635930833,1.1523990043927543,0.02077486271274065,-0.47620847550063505,-2.197124809718389,-1.6894525047528894,0.6265515011852647,-1.1959754409382142,-1.717362274641301,1.3514995971628045,0.054209517554575266,0.15410264598870216,-1.6943610595969618,1.7366607742048417,0.8665684393703844,0.988915814082675,-1.0927572665743166,0
75,0.1015742483713591,2.4450932878770133,1.1117552559986812,-1.0443101094552751,1.1672957920861817,1.278478184334234,1.0891248269121134,1.161198455838051,2.4037014238510674,1.4763701688343396,-1.129353563705103,-1.1982623908877108,-1.1566192140509064,-1.651464436463388,0.6332026460002244,-0.20761608323323835,1.001917654160224,-0.6217567118565538,2.6131916018423076,0.6893304979309682,0.9964202300043867,-0.7076940316679428,-2.0068474416358235,1.8442565908711344,-1.8355985956747873,0.9832956577190126,-0.6978392018820404,0.8397267201014265,-1.6154489369332148,-1.3582188963222819,-0.7634413908581762,-0.08949174583503484,1.5619413004566043,2.29268388625777,1
76,0.21324476559403654,-2.213020044466485,-1.5057216871859134,2.0127683366187377,-0.40745999140167477,-0.4167088276712132,-2.169577593969092,1.014219087932306,-1.2496123501614096,-1.9490458350543176,0.3890517654565048,0.7135639522844234,0.7738007668395418,1.2869967092408616,0.2684678836202388,-0.27678929876725106,-1.8981523628456176,2.131656447468046,-0.4114700655352602,1.639900316413544,1.2163805206452694,-0.0421610193167974,-0.5839385652435444,-1.1559914564160247,0.6791817965535004,-1.303388992951468,1.0223190828346203,-3.3151321474050026,1.890442707053683,0.5001221315311627,1.7815916481011518,-1.153486688690493,-1.7083056526517926,-1.1073823178293838,1
77,-0.09836570206255645,0.054604225226025385,1.2997670455609363,-3.6878172888223024,-1.6082559000704961,1.2497832319393003,1.1607003521466965,-3.657954203096721,-1.489645727899452,-1.4536213697788471,-0.6001451974780556,-1.1660910596727343,-0.3036800035223328,-3.1785358620137303,1.0352695917358525,0.302340106928531,5.600255994172201,-4.825825946617423,-2.5735003387537514,-2.5481466636741796,-0.3110304273383666,3.4447183945239304,4.088208094094864,-0.05360133630717788,1.9198295090158901,3.4429338781216754,-3.6264092474460843,3.4460896319313776,-1.4755720913816506,2.1312847769448027,-4.513193569936974,1.2423067187079573,0.712322565507805,2.0512061207661163,0
78,-1.0716671255132266,-2.07349191184949,-1.6876451448749217,-0.12318820429975565,-2.1425684966258425,0.35803151333245326,-1.1862042612217873,-0.9544134834985303,-1.8507438240127063,-1.8452627938065251,-0.7152884155596055,2.5065285375317568,-0.20606912775483802,1.166577923504463,-0.4186655937680669,-0.18749797426610051,0.6365019945873336,-1.1260838931524484,-1.295368168689642,0.399610450123294,-1.4430179688302343,1.4851034190275272,1.4321681343763197,-1.7227010114318504,1.1278308815376354,0.4571870565165045,1.0617580156211437,-0.8260703193360336,0.4345436004820987,1.976368458246383,0.1361906350906501,-2.3350700444816153,-2.6994364795921566,-0.8775374746813727,1
79,-0.46305317322308925,-0.03628341087815531,0.1812352815007673,-1.472747260913503,-0.9790012873131664,0.4486279589205881,0.5627533679507056,-1.5244493725189865,-0.6306528015283088,-0.3071254290926973,-0.4325133806732147,0.41401219704160475,-0.3385081823795928,-0.6322194026886269,-0.06309819174676248,0.11423524586743893,2.003651708185396,-2.115688170202682,-0.9886243271236399,-1.0373085427047914,-1.0540122946986443,1.274989618524528,1.6721933894537697,-0.28670943669157334,0.6488975713906546,1.2796578627763877,-0.7260417783673329,1.5914046507546753,-0.7442503914105747,1.0109567007692233,-1.4919509610694772,-0.09757795128975807,-0.235037612618332,0.38747732254281164,0
80,-0.5731164124531373,-1.0450551594948592,-1.0588829348582627,0.4816738820849541,-0.8701454397753758,-0.059304989428057654,-0.7132872136181821,0.013802451237459875,-0.725675697864901,-0.6301903387837133,-0.25142569073968074,1.5373828322337009,-0.06395122310985714,1.1614747077893919,-0.45858864927958576,-0.12187527605427355,-0.5592118643393679,0.12420142563900452,-0.31371256179722035,0.5050681337615106,-0.8541159199588974,0.20699350601006897,0.16703789694060225,-0.8968374786434548,0.28454842825829146,-0.3147668027279391,1.1634613674840832,-0.8280111646913875,0.4174195492497923,0.689515514929451,0.7729617996275107,-1.365270433338208,-1.4951511848042502,-0.8499936227239699,1
81,1.1677877233790928,1.0668219336145173,0.9213853320396624,1.220632434971795,2.0332668430178322,-0.5652716815421542,0.11335172647355055,1.638024681306549,1.3793384351097049,1.0032498477867606,0.8799089141286659,-2.119011047501212,0.5478259033086476,-0.44539770873903795,0.5170097293757233,0.030724759224414044,-1.7612481564832903,2.334388057471882,1.2913287806424008,0.535130464203323,2.0576695675625647,-1.6686237699454871,-1.952456594512341,1.2121767836401214,-0.9397597733462174,-1.2002493795858973,-0.41465754923677656,-0.9060588932353153,0.4897870107152986,-1.8555932751092303,0.9015696343756839,1.6891901133626048,1.8651836838463287,0.32111288558559903,0
82,0.7603027352056637,2.651507138157214,1.4097920860709225,0.5556652393378433,2.468433838814733,-0.1945913754012265,1.2515433662206275,2.004400470591518,2.7832874963650576,2.651334578220443,0.2758270412929025,-1.8701558320829812,-0.27330270247982097,-0.5276457724510578,0.07091504373455615,0.03039051390193175,-1.592601845792469,1.733250016903857,2.632075073333826,0.4083077115549889,1.1274602800073303,-2.3884175526954237,-2.829397399259093,2.025649857789553,-2.1266499135965664,-0.8850842828597961,0.0381890368572666,0.42088836105752103,-0.7156192885747885,-2.60578497979655,0.7876639273173587,1.4435001594314514,2.4901483956461976,0.8537884302969481,1
83,-0.2286191239156343,1.5742582257618454,0.19466441710248628,0.8103647720081204,1.1923432896433563,-0.4888722554074349,0.9073855212186169,1.502648086405292,1.8304436117178897,2.4232557904005954,0.029098175245015855,0.47602616971028305,-0.44670779211374734,1.229714075427552,-0.9921660213819741,0.014862343462079607,-2.1564642203444047,1.3702142701848048,1.908495678009337,0.3659015155096026,-0.9970338265973127,-2.1399851755785577,-2.0928165511643146,0.7985290702781206,-1.7263978976608796,-1.2111853241362602,1.727314318542176,0.36877386720294136,-0.5214912286112243,-1.6405304347186418,1.5901224646175858,-0.10591883342499908,0.6515003186083451,-0.5991365414853641,0
84,1.4659558806987043,-0.6482824703330222,1.0667018491746956,0.569378806243854,0.8947576823139266,-1.3999089899811432,-0.028161759473630633,-0.9465736857429229,-1.1170917138579386,-0.5709240755124503,2.0368342314162136,-2.4853351752024446,1.6925116586707096,-0.7892428477278612,0.5828483821557717,0.45739863557249494,-0.30544944501506066,1.096902572661477,-2.1514546514301993,-1.5340643161930347,1.54292996888852,0.17878034460572614,1.5337407255921374,-0.038254501654719816,1.465415054022984,-0.7121997846224535,-1.9234910019471623,0.15495803820859727,1.301288253688027,-0.18591262469206626,-0.5702737065883838,3.3089794089746656,1.6618978188429676,-0.665590141389893,0
85,1.3416760463714763,2.4039551843517883,1.8283396098710223,0.47840395881323655,2.692129453285837,-0.2657925586189839,1.062448089086425,1.6793333519133156,2.397918403101773,2.009225217345322,0.7051049864706435,-3.0184767694832,0.1948258552506891,-1.366962379676745,0.6889950720518333,0.10123658973632661,-1.0842680596815617,1.7957768555985287,2.016797542173233,0.1297026599696498,2.2349911000703457,-1.9533833109935281,-2.3199363506235664,2.1338465469012062,-1.5741591784644362,-0.6997041010801262,-1.0996852315935712,0.26296647802258893,-0.35907485324523947,-2.5194734243963377,0.18300141045606036,2.422354560487669,3.0731951781407614,1.2241521111184532,1
86,0.5063837562021891,-0.04702507337479158,-0.08460748344138916,0.9987205664308008,0.7490834081104616,-0.0343258414011762,-0.6631986461322193,1.2336364107057831,0.4605338119184205,-0.21647827585877216,0.17399068488287148,-0.6925330014646867,0.23913893356927743,-0.02678463653815401,0.4704026995642135,-0.16373062769653615,-1.1021108938613704,1.506881164455323,0.8496946788543351,1.0574126779258957,1.4806838396202975,-0.6878648675980596,-1.3452612929265877,0.3323932432750239,-0.4268895536186064,-0.6864409779918378,0.09410035146441897,-1.5475379037954067,0.5962720627615816,-0.6870785158559978,0.8440591262363738,0.026824643490849422,0.2366296747930348,0.20998176019387924,0
87,0.9052033824181988,1.8861849237619852,1.4063238192119305,0.37860994646019464,2.014873414045711,-0.49123915769084703,1.0693674523587495,1.0687655612356266,1.768635209553594,1.9005478098110096,0.7155426870962973,-2.0307920167126237,0.19729738353394774,-0.6717900901812422,0.1656421043319697,0.1712557079075899,-1.0612090976871436,1.3394853550614583,1.307600814896226,-0.27577770539761204,1.0767018780110342,-1.6439162719788258,-1.5290582605862688,1.5109462488340344,-1.165659111684408,-0.7166970776143546,-0.557500642965898,0.6350279702371038,-0.3167818255844024,-1.932720901722229,0.26271212753961265,2.007239187900771,2.344852827872485,0.49538864545480105,1
88,-0.7526930842515105,0.13889964733229582,0.14064957344240359,-1.9433534524190064,-1.277153861253591,0.7813811035940279,0.7508083931963556,-1.7292134420408973,-0.544190376480891,-0.2451680556179902,-0.8346325161739184,0.7725076022980251,-0.6777260063672758,-0.7543568810219762,-0.1267113162108719,0.07750089077092566,2.566345366483377,-2.7894196557976905,-0.8538199459290841,-1.073190855773568,-1.4628299877906492,1.5300222028975912,1.80471705053315,-0.2743291109490985,0.5476968400489677,1.7170620913586239,-0.6913830870997038,1.9967386666894242,-1.153607735782839,1.2208602324608715,-1.8137265945772407,-0.5317594234266297,-0.43079599372866656,0.6564264419771126,0
89,-0.8891906943108371,0.484787447991082,-0.032652456329527686,-1.4042586673027377,-0.9234243797410304,0.6022722876474818,0.8253784420414844,-0.9882791299388876,0.04274036366234151,0.46374161395938773,-0.8691131203762834,1.178594191248182,-0.8302670208883143,-0.06973913478511808,-0.5098600884646736,0.027784842482014117,1.5106803017697605,-2.0504652777340318,-0.08328112844817334,-0.6589581062151904,-1.782658558514545,0.6985876248165234,0.8670382010144122,-0.12260573544910382,-0.09162337026110755,1.1187906238461152,0.2014732901966383,1.7160364312929266,-1.1740393390490045,0.671954980771469,-0.9479742519900519,-0.8806424937311231,-0.48704588946419664,0.3045825431624575,0
90,-0.07635855918057265,0.5868352466722602,0.635403345309912,-0.7000172602415635,0.03570911486093786,-0.4405680950326522,1.0670103774865256,-0.9897691320231798,-0.01685809697060752,0.9312060496081667,0.392251675979552,-0.13133692111456022,0.0617571910268673,-0.058575531510950594,-0.5092353417453211,0.30266392375911316,0.4824007813713804,-0.8207742100008752,-0.7167495714793019,-1.4081656161088978,-1.172994124347559,0.032153918344174116,1.02649720041797,0.10276271043557682,0.19779666994603257,0.204767975094799,-0.30594886034940616,1.8387998155939065,-0.5106524879439027,-0.016171719122465827,-0.6604726168214965,1.0529972559953575,0.7001586525941016,-0.35686530330027383,0
91,-0.7230030201896307,-2.671125219108029,-1.868350050054563,0.012478033595440636,-2.2301339847552915,0.8672702111853378,-2.0650622059461985,-0.6572676474939769,-2.1680916433401096,-3.1274922991280354,-0.9260930393220574,1.894904357581209,-0.07522048505879357,0.40985583335730374,0.46339459453245574,-0.384283783191369,1.1259026974194557,-0.9395851935887379,-1.2385590898105932,1.2062451622832255,0.11483165837989191,2.0608262561958166,1.233540101607124,-1.7395450429096613,1.4280406644373063,0.7792893211388972,0.33251944681712287,-2.104457225837675,0.8686297545505497,2.2599297748903813,-0.11832658572816349,-2.621672831468326,-2.915383105579649,-0.11422296580400174,1
92,0.664547964052402,3.0735818967482142,2.1965084882668533,-1.2148013810262808,1.9176986198690624,0.24997033945413755,2.1690770295686206,0.3289976515704587,2.394706134789306,2.547897483552119,0.059168886744330636,-2.3902093142986085,-0.4901795041947501,-1.8730477592275925,0.3131509004402352,0.2329609087884631,0.8280478731515564,-0.5058695201627091,1.6069792359232213,-1.0096594908119336,0.6057513804438298,-1.097401204177211,-1.0470964402034098,2.171015221443286,-1.474557342465405,0.6077645108514392,-1.4773212508411657,2.484687816589836,-1.6183604419217068,-1.8764263279823428,-1.2396697502836682,2.2227137686810305,3.089668421218157,1.6908426062557076,1
93,0.756308288211683,2.0365420031270323,1.2431089205570878,0.5619733970228423,2.0809025590898353,-0.4351413674832211,1.0537099423685818,1.4495888722961745,2.0656759276552714,2.159309516207759,0.5398775401237597,-1.7060378933377986,0.01769461544134167,-0.36991098289586527,0.010018045016614244,0.10726760647231119,-1.4404088106034314,1.5642876739408595,1.775168728183089,0.04564454252766326,0.9065413800698477,-1.9601455037018536,-2.0258808498957706,1.5681697935661894,-1.5128379250360686,-0.889692026605432,-0.087431926643184,0.4434050217940971,-0.396879489528538,-2.120490407163289,0.6432643905055931,1.601605078802176,2.1802518012627807,0.43598641962132795,1
94,-1.273171751714295,-4.5538928862240065,-3.084554219329236,0.21450089979244008,-3.734886191939885,0.7642829462725989,-3.1021219711823664,-1.5185498658575232,-3.9098658771605295,-4.716423987786238,-1.0065921477539734,3.4680697842238084,0.16798765370286128,1.3622353873418704,0.1857911396122863,-0.44224446879624657,1.3152745660433716,-1.3998275594572935,-2.719102692056627,1.2771355140607663,-0.7425586082891784,3.175695198927726,2.613366365380601,-3.1893041135263247,2.6275873709484032,0.8251965682755469,0.9464193629300054,-2.894517354911625,1.6036734538798367,3.766432965347231,0.07510853417886325,-3.8398488712962258,-4.809074791982895,-1.1195532082976205,1
95,0.20986880505487449,1.614187955979323,1.2455095964033234,-1.0073013566884605,0.755164084229832,0.049237229655192075,1.4310888339753252,-0.38136962188734835,1.0212457568731252,1.4385289670930033,0.07868636470038398,-1.0812757844297525,-0.26634999421513444,-0.9797593348242429,-0.02789615513019315,0.21915657387719614,0.835335504842322,-0.8130067380618209,0.38463417694781504,-1.062486699361149,-0.2529880389975619,-0.3132734635795047,0.07789878471617624,1.0007868206626491,-0.5345777021711435,0.5398566216751696,-0.8826342323968456,1.9737097606894176,-1.030993965256493,-0.7283616732765933,-1.0038264977992315,1.3386045671259519,1.6175136029653874,0.7338548385903217,1
96,1.0503551692375328,0.7003211336430077,1.143092937141631,1.2971205375868324,1.780784584503908,-2.129160421524766,1.0050846525192896,0.10869791618299995,0.35056688196355124,1.9065752778871627,2.2024660872357926,-1.5796923313944096,1.3204442694094978,0.8069688052224878,-0.7417061018934779,0.5616091258421011,-2.4578369548517567,2.2106693468277228,-0.7638580518681765,-1.5925669533939675,-0.15925981044313936,-1.8215562604735294,0.006096802745447998,0.44089383219159956,0.015589415253415697,-1.9684241089081904,0.020396377142206212,0.9248195726555787,0.8008193420634742,-1.545137183114947,1.0043656763676965,3.2245887155222457,2.0683023340033713,-1.7436623119154298,0
97,0.830718539734789,0.6752015165648442,1.7554997312046459,-2.4947054358185796,-0.04865611673085268,1.0696849711519225,0.7993647423017608,-1.9448028323777085,-0.3661561099567834,-1.0812889557236414,-0.14801669910145668,-2.769519546180174,0.048230167180628926,-3.567038829847126,1.6915278130481717,0.18263022757292277,4.1078057224752405,-2.7225914840456986,-1.1974388240605107,-1.4907776033348763,1.8274174425680123,2.1606383108209704,2.095358722670517,0.8810985613196504,1.0696245643174618,2.489226219748456,-3.8518159580082223,1.961631332972752,-0.9280668489145419,0.6965046612023067,-3.5795623099590905,2.0548905269926796,1.8682455426584896,2.546825556259841,0
98,-0.09486975115171332,2.0270804934871,0.7069097034790254,0.3630957384316617,1.3899680636633585,-0.558761058376089,1.4413833900387776,1.100659618928598,1.9751540888785803,2.8116765674632265,0.1919026054783649,-0.021970742873851916,-0.41952707524909894,0.792573319515226,-0.9768133646492732,0.1440003737786236,-1.6878876855693192,0.9507263106881083,1.7066729441794461,-0.2538794205646431,-1.1031885851557346,-2.0768742649996446,-1.7154436893122644,1.071177789025937,-1.685071967230288,-0.9576171241127391,1.20401692896235,1.2258503849820983,-0.8258670236217798,-1.7656243348864706,1.046560131022936,0.6089695934168083,1.283263694705208,-0.4024974634505662,1
99,-0.025963822834738158,-1.41251358468345,-1.0283101230115475,0.5870368783949402,-0.6858123178625043,0.5986169111595677,-1.590539879123803,0.5286300172984725,-0.7845379545160458,-1.9172958225750143,-0.49547745609429644,0.44718834308940336,0.05287209118659544,0.006731114169990595,0.7020402758061808,-0.35157245937272624,0.04753893893094802,0.4193208151291763,0.030066316656963167,1.4722788013069523,1.2565086894086135,0.72283672519499,-0.3245979426723527,-0.6279699873897923,0.4345300397417441,0.0972488867034709,0.10441399653513239,-2.2356810719298243,0.8038196782071128,0.7539890457485068,0.3862430574192209,-1.4598681680407892,-1.3749247863448808,0.31187444663434727,1
